,City,Lat,Lng,Max Temp,Humidity,Cloudliness,Wind Speed,Country,Date
0,Albany,-35.0247822,117.883608,55.96,62.0,95.0,16.15,AU,1654318603.0
3,Fortuna,40.597407,-124.156034,64.09,87.0,100.0,9.22,US,1654264359.0
4,Carnarvon,-24.8826131,113.6576486,62.53,46.0,7.0,12.66,AU,1654318604.0
5,Sao filipe,14.8952963,-24.4969361,77.67,67.0,62.0,12.86,CV,1654286205.0
6,Sao felix do xingu,-6.6386974,-51.9787582,78.01,77.0,98.0,0.94,BR,1654279007.0
8,Mahebourg,-20.4111041,57.7060616,74.34,73.0,40.0,13.8,MU,1654304209.0
9,Chimore,-16.9939202,-65.1504578,59.99,90.0,100.0,0.13,BO,1654275410.0
10,Nikolskoye,59.7034799,30.7861084,53.71,95.0,98.0,5.28,RU,1654300611.0
11,Avarua,-21.2074736,-159.7708145,78.78,65.0,100.0,18.41,CK,1654253573.0
12,Busselton,-33.644499,115.3488754,56.3,64.0,87.0,8.34,AU,1654318612.0
13,Nouna,12.7356266,-3.8229735,90.59,35.0,90.0,11.81,BF,1654289813.0
14,Daru,-9.069901,143.210029,79.11,87.0,97.0,12.1,PG,1654325814.0
15,Port alfred,-33.5981844,26.8914772,64.42,33.0,45.0,9.62,ZA,1654297015.0
16,Verkhnyaya inta,65.988403,60.323444,35.74,66.0,8.0,8.23,RU,1654300617.0
17,Tibiri,13.5641272,7.0489171,88.34,11.0,70.0,3.38,NE,1654293417.0
18,Te kauwhata,-37.4034637,175.1468012,53.29,97.0,84.0,1.41,NZ,1654333018.0
19,Qaqortoq,60.718202,-46.0385214,46.54,50.0,0.0,4.61,GL,1654282620.0
20,Illoqqortoormiut,70.4850588,-21.9641992,37.58,75.0,100.0,1.43,GL,1654289821.0
21,Aranda de duero,41.6715067,-3.6851172,64.74,45.0,36.0,5.61,ES,1654297022.0
23,Hambantota,6.1249126,81.1242563,79.11,82.0,100.0,18.66,LK,1654309623.0
24,Ilo,-17.6475054,-71.3398119,64.98,77.0,0.0,8.05,PE,1654271824.0
25,Ushuaia,-54.806115899999995,-68.3184972880496,44.29,45.0,40.0,25.32,AR,1654278792.0
26,San andres,4.90199215,-75.70131910681533,62.17,90.0,100.0,1.14,CO,1654271826.0
27,Bethel,60.7922222,-161.7558333,73.63,29.0,67.0,14.72,US,1654261027.0
29,Esperance,-33.858228,121.8931606,51.51,76.0,89.0,16.26,AU,1654318628.0
30,Butaritari,2.9205375,172.91886331442205,80.55,74.0,82.0,6.15,KI,1654333029.0
31,Sola,-13.87483,167.549744,82.2,66.0,32.0,17.85,VU,1654329430.0
32,New norfolk,-42.7801998,147.0615332,47.93,87.0,72.0,1.01,AU,1654325831.0
33,Norrtalje,59.766667,18.7,53.83,93.0,31.0,4.41,SE,1654297032.0
34,Bredasdorp,-34.533055,20.042778,51.12,87.0,87.0,4.38,ZA,1654297033.0
35,Sibolga,1.736957,98.78461,74.64,83.0,100.0,3.44,ID,1654315034.0
36,Otradnoye,47.395676,38.741028,70.72,60.0,30.0,6.73,RU,1654300636.0
37,Saldanha,-32.9977778,17.9455556,48.47,82.0,36.0,7.81,ZA,1654297037.0
38,Bambous virieux,-20.347199500000002,57.76474767388835,74.52,73.0,40.0,13.8,MU,1654304238.0
39,Uvat,59.142658,68.894775,31.1,71.0,29.0,4.41,RU,1654307839.0
40,Bluff,-46.6014038,168.3398682,37.92,81.0,83.0,10.54,NZ,1654332772.0
41,Hithadhoo,1.7959425,73.38755195657038,83.62,71.0,87.0,14.58,MV,1654307841.0
42,Marawi,18.4811972,31.8171688,93.79,12.0,49.0,15.66,SD,1654297041.0
43,Arraial do cabo,-22.9662839,-42.024427,71.58,83.0,75.0,14.97,BR,1654279043.0
44,Haines junction,60.7527212,-137.5100384,74.97,20.0,70.0,3.18,CA,1654264644.0
45,Punta arenas,-53.1625688,-70.907822,41.29,60.0,75.0,12.66,CL,1654278770.0
46,Cabo san lucas,22.8938884,-109.9200604,85.41,67.0,3.0,10.85,MX,1654268245.0
47,Hermanus,-34.4175,19.2361111,56.14,81.0,47.0,3.89,ZA,1654297046.0
48,Guiratinga,-16.3457422,-53.7595097,83.23,37.0,56.0,4.38,BR,1654275447.0
49,Half moon bay,37.4635519,-122.428586,79.59,78.0,100.0,16.11,US,1654264648.0
50,Tuktoyaktuk,69.4465095,-133.0340333538775,32.0,86.0,100.0,16.11,CA,1654268249.0
51,East london,-33.0191604,27.8998573,63.88,31.0,63.0,6.69,ZA,1654297051.0
52,Kathmandu,27.708317,85.3205817,70.14,94.0,75.0,3.44,NP,1654310551.0
53,Puerto ayora,-0.7471674,-90.3134198,81.21,90.0,99.0,5.99,EC,1654267971.0
54,Narsaq,60.9127453,-46.0452698,51.69,35.0,1.0,1.79,GL,1654282653.0
55,Nome,64.5011111,-165.4063889,64.17,38.0,100.0,7.09,US,1654261054.0
56,Cape town,-33.928992,18.417396,56.88,92.0,50.0,2.3,ZA,1654297037.0
57,Luderitz,-26.6500086,15.157266,65.91,29.0,0.0,6.17,NA,1654297056.0
58,Bulancak,40.9389231,38.2318776,69.67,74.0,3.0,1.39,TR,1654300657.0
59,Lavrentiya,65.5837793,-171.0058116,46.83,61.0,73.0,7.09,RU,1654332977.0
60,Balgarovo,42.620922,27.3058388,74.89,64.0,0.0,5.75,BG,1654300658.0
61,Faya,8.0748388,16.0806637,76.53,63.0,96.0,3.96,TD,1654293459.0
62,Nemuro,43.3301154,145.5829068,44.69,92.0,100.0,14.83,JP,1654322261.0
64,Hilo,19.7073734,-155.0815803,91.4,90.0,72.0,1.99,US,1654253726.0
65,Mys shmidta,68.8928813,-179.4130958,32.27,97.0,100.0,6.73,RU,1654333062.0
67,Juliaca,-15.4915945,-70.132216,56.97,38.0,92.0,6.33,PE,1654271864.0
68,San quintin,30.5613719,-115.938162,68.52,64.0,1.0,11.59,MX,1654264665.0
69,Chuy,-33.6937948,-53.4561114,48.27,82.0,12.0,5.73,UY,1654279066.0
70,Provideniya,64.4238198,-173.2275013,52.14,54.0,99.0,4.65,RU,1654333067.0
71,Ulaangom,49.9800327,92.068851,49.82,37.0,23.0,3.11,MN,1654315068.0
72,San pedro,-24.2311614,-64.8680965,62.73,44.0,60.0,5.37,AR,1654279069.0
73,Pevek,69.7028171,170.2746851,30.27,91.0,100.0,16.53,RU,1654333070.0
75,Grimari,5.740166,20.0580918,73.44,89.0,89.0,3.53,CF,1654293471.0
76,Puerto baquerizo moreno,-0.902599,-89.610191,76.66,78.0,75.0,12.66,EC,1654268272.0
77,Belyy yar,53.596436,91.382362,48.06,87.0,40.0,2.24,RU,1654315073.0
78,Nador,35.1739922,-2.9281198,73.47,49.0,0.0,11.5,MA,1654293474.0
80,San patricio,19.2229912,-104.6988343,84.04,56.0,3.0,8.68,MX,1654271875.0
81,Nioro,15.2304528,-9.5899063,97.86,18.0,9.0,7.83,ML,1654289876.0
82,Edendale,-46.3144058,168.7850981,37.58,95.0,55.0,3.49,NZ,1654333077.0
83,Komsomolskiy,43.98266,46.6950001,64.11,68.0,43.0,7.83,RU,1654300678.0
84,Bara,13.8924984,30.3787043,85.96,38.0,53.0,8.55,SD,1654297079.0
85,Kruisfontein,-34.0119558,24.7433295,55.83,29.0,2.0,6.55,ZA,1654297081.0
86,Touros,-5.1998625,-35.4595051,78.24,82.0,100.0,7.45,BR,1654279082.0
87,Tomatlan,19.9429848,-105.2465108,86.11,48.0,6.0,11.12,MX,1654271884.0
88,Bodden town,19.2843717,-81.2604411,87.03,74.0,20.0,18.01,KY,1654271885.0
89,Khatanga,71.9819205,102.4714765,33.44,90.0,100.0,21.32,RU,1654315086.0
90,Ponta do sol,32.681067,-17.104073,66.52,73.0,53.0,5.35,PT,1654293487.0
91,Hobart,-42.8825088,147.3281233,48.0,84.0,40.0,8.05,AU,1654325888.0
92,Lebu,-37.6099644,-73.6559477,53.35,93.0,99.0,16.26,CL,1654275489.0
93,Kodiak,57.79,-152.4072222,63.91,39.0,40.0,4.61,US,1654260652.0
94,Tual,-5.6443094,132.7416819,82.89,71.0,51.0,3.85,ID,1654322291.0
95,Maceio,-9.6476843,-35.7339264,77.81,83.0,75.0,9.22,BR,1654279092.0
96,Mar del plata,-37.9977225,-57.5482703,51.04,68.0,0.0,5.75,AR,1654278783.0
97,Christchurch,-43.530955,172.6366455,37.44,100.0,1.0,0.0,NZ,1654333094.0
98,Zhuhai,22.273734,113.5721327,84.15,89.0,40.0,10.36,CN,1654318695.0
99,Marsa matruh,31.3528567,27.2395262,73.6,73.0,0.0,2.3,EG,1654297096.0
100,Usogorsk,63.429546,48.706184,49.62,34.0,24.0,10.98,RU,1654300698.0
101,High level,58.516667,-117.133333,73.53,33.0,20.0,3.44,CA,1654268299.0
102,Port elizabeth,-33.9617051,25.6207519,61.16,66.0,0.0,5.01,ZA,1654297100.0
103,Batsfjord,70.61427605,30.327265303498322,44.06,91.0,100.0,11.21,NO,1654297101.0
104,Rovnoye,50.775948,46.057549,65.32,60.0,15.0,3.91,RU,1654304302.0
105,Horta,38.5368032,-28.630109,66.07,94.0,75.0,3.44,PT,1654289903.0
106,Colchester,41.985525,-82.932358,80.98,28.0,6.0,14.97,CA,1654275504.0
107,Bengkulu,-3.7922858,102.2623797,75.25,86.0,74.0,3.47,ID,1654315105.0
108,Umzimvubu,-30.82491,28.92177617804983,47.3,45.0,0.0,5.59,ZA,1654297106.0
109,Vaini,-21.1925671,-175.1772797,79.09,78.0,20.0,0.0,TO,1654336388.0
110,Kudahuvadhoo,2.6712087,72.8938459,83.19,73.0,78.0,15.19,MV,1654307907.0
111,Kaitangata,-46.2817388,169.8464139,40.23,86.0,18.0,6.53,NZ,1654332782.0
112,Upernavik,72.7847392,-56.1469625,32.79,89.0,86.0,9.15,GL,1654282434.0
113,Ati,13.2125691,18.3396857,91.11,30.0,92.0,5.41,TD,1654293510.0
114,Algiers,36.7753606,3.0601882,71.31,73.0,75.0,8.05,DZ,1654293511.0
116,Chokurdakh,70.6193824,147.902397,37.54,64.0,100.0,14.5,RU,1654329512.0
117,Barrow,71.2905556,-156.788611,30.22,86.0,100.0,20.71,US,1654261113.0
118,Huarmey,-10.0687481,-78.152199,69.13,74.0,78.0,9.84,PE,1654271914.0
119,Danjiangkou,32.5429981,111.5070101,75.69,89.0,47.0,3.8,CN,1654318715.0
120,Constitucion,23.9911739,-104.6749252,83.14,33.0,20.0,5.01,MX,1654271916.0
121,Yauya,-8.9913378,-77.2920524,59.45,54.0,99.0,5.99,PE,1654271917.0
122,Ancud,-41.8682162,-73.8287225,46.45,91.0,100.0,15.26,CL,1654275518.0
123,Holme,60.5293847,5.1545955,54.0,89.0,11.0,13.44,NO,1654297119.0
124,Galiwinku,-12.024312,135.5678417,78.31,85.0,99.0,10.94,AU,1654324120.0
126,Talaya,55.7870061,84.8934553,33.03,71.0,23.0,4.16,RU,1654315121.0
127,Portachuelo,-17.3545949,-63.3946477,70.7,50.0,78.0,3.04,BO,1654275522.0
128,Marcona,-15.2155331,-75.08303444567473,66.92,54.0,64.0,7.47,PE,1654271923.0
129,Black diamond,50.687795,-114.2335483,70.45,21.0,100.0,11.01,CA,1654268324.0
130,Yellowknife,62.4540807,-114.377385,62.78,39.0,20.0,15.01,CA,1654268325.0
131,Tilichiki,60.429134,166.057053,55.44,47.0,5.0,3.4,RU,1654333126.0
132,Aspindza,41.5727921,43.2504979,60.12,83.0,100.0,5.57,GE,1654304327.0
133,Havoysund,70.9962623,24.6606854,50.23,85.0,100.0,9.64,NO,1654297129.0
134,Prince rupert,54.3126572,-130.32549,60.64,80.0,100.0,9.22,CA,1654264730.0
135,Paamiut,61.994618,-49.6659478,41.0,54.0,10.0,2.64,GL,1654282732.0
138,Cap malheureux,-19.9859951,57.619612,74.44,71.0,68.0,5.99,MU,1654304333.0
139,Salaga,8.550609,-0.519653,82.72,61.0,3.0,6.53,GH,1654289934.0
140,Dniprovka,48.073078,35.189548,63.55,95.0,2.0,9.31,UA,1654300736.0
141,Severo-kurilsk,50.6683048,156.1154399,42.78,86.0,92.0,8.01,RU,1654329537.0
142,Moron,20.13724285,-75.76314882482686,85.17,59.0,99.0,9.8,CU,1654275537.0
143,Kavieng,-2.573474,150.795224,81.46,73.0,57.0,9.75,PG,1654325939.0
144,Tiksi,71.636604,128.868546,40.6,93.0,100.0,5.7,RU,1654321965.0
145,Alta floresta,-9.8698547,-56.0834993,94.91,41.0,20.0,5.75,BR,1654275542.0
146,Namatanai,-3.6641739,152.4407285,80.78,80.0,30.0,6.38,PG,1654325943.0
147,Tocopilla,-22.0887189,-70.1960657,70.66,51.0,19.0,2.33,CL,1654275544.0
148,Nizwa,22.9323884,57.5311,83.34,32.0,1.0,2.17,OM,1654304345.0
149,Castro,-42.482375,-73.7642918,46.51,93.0,100.0,0.0,CL,1654275546.0
150,Beloha,-25.173872,45.061465,66.04,71.0,2.0,12.68,MG,1654300747.0
151,Viedma,-40.8084274,-62.994722,50.23,56.0,100.0,15.93,AR,1654279148.0
152,Codrington,17.640463,-61.8255199,80.8,78.0,38.0,14.56,AG,1654275550.0
154,Qaanaaq,77.4686357,-69.2222746,26.98,68.0,92.0,4.41,GL,1654279151.0
155,Jamestown,-15.9277296,-5.7160872,69.13,76.0,0.0,15.64,SH,1654289952.0
156,Benguela,-12.5790048,13.4037117,73.78,66.0,12.0,2.75,AO,1654293553.0
157,Manturovo,58.333271,44.761791,60.42,99.0,100.0,5.73,RU,1654300754.0
158,Flinders,-20.862898,144.2526073309786,63.34,74.0,1.0,6.91,AU,1654325955.0
159,Victoria,-4.6232085,55.452359,80.58,83.0,40.0,11.5,SC,1654304356.0
161,Vila franca do campo,37.7171624,-25.4335352,64.81,90.0,85.0,4.76,PT,1654289957.0
162,Bandipur,25.6600777,82.7305077,93.52,14.0,98.0,0.4,IN,1654309758.0
163,Katsuura,35.1521846,140.3207449,64.31,76.0,100.0,14.65,JP,1654322359.0
164,Airai,7.3599342,134.5601154,82.11,71.0,24.0,0.81,PW,1654322360.0
165,Sim,54.9872705,57.6847437,55.92,95.0,100.0,3.71,RU,1654307961.0
166,Norman wells,65.282401,-126.832725,50.04,71.0,75.0,21.85,CA,1654268362.0
167,Manggar,-2.8672641,108.2759285,80.71,79.0,100.0,5.48,ID,1654315163.0
168,Independencia,-27.8523717,-54.1909592,56.43,86.0,2.0,7.96,BR,1654279164.0
169,Ulladulla,-35.3621503,150.4751713,50.43,71.0,6.0,10.27,AU,1654325965.0
170,Yeppoon,-23.1348035,150.7436625,64.42,91.0,7.0,5.77,AU,1654325966.0
171,Bud,62.9087903,6.9144755,49.95,92.0,100.0,10.83,NO,1654297167.0
172,Caravelas,-17.7296514,-39.2660082,73.65,86.0,68.0,6.82,BR,1654279168.0
173,Arlit,18.739079,7.393331,89.74,8.0,0.0,12.03,NE,1654293569.0
174,Xuanhua,40.6067217,115.072195,64.94,88.0,100.0,2.3,CN,1654318770.0
175,Georgetown,-7.9289722,-14.4133993,78.06,72.0,84.0,16.26,SH,1654289972.0
176,Mount gambier,-37.8246698,140.7820067624113,48.54,93.0,98.0,5.59,AU,1654324173.0
177,Ilulissat,69.2197127,-51.0986385,38.86,57.0,96.0,4.0,GL,1654282774.0
178,Acapulco,16.8680495,-99.8940182,84.81,67.0,45.0,11.23,MX,1654271975.0
179,Sabzevar,36.2134053,57.6808799,76.28,25.0,0.0,13.8,IR,1654306176.0
180,San carlos de bariloche,-41.1334421,-71.3098425,34.36,93.0,100.0,4.61,AR,1654279177.0
181,Chapais,49.7829998,-74.8572812,53.35,79.0,100.0,8.7,CA,1654275578.0
183,Dikson,73.5083894,80.5123816,25.41,87.0,19.0,18.66,RU,1654315179.0
184,Bowen,-20.012125,148.2462901,69.21,83.0,15.0,3.22,AU,1654325980.0
185,Hirara,24.8032045,125.3029776,81.18,88.0,100.0,14.29,JP,1654322381.0
186,Corinto,12.4816978,-87.1742553,83.17,89.0,40.0,6.91,NI,1654268382.0
188,Gela,37.0664363,14.2502445,80.24,59.0,4.0,3.11,IT,1654297183.0
189,Winnemucca,40.9724275,-117.7348184,77.45,19.0,100.0,14.0,US,1654264784.0
190,Akdepe,38.3138407,57.5960414,78.55,21.0,0.0,2.42,TM,1654307985.0
191,Lunenburg,44.3774954,-64.3154816,62.15,74.0,95.0,12.66,CA,1654279186.0
192,Tasiilaq,65.6152573,-37.6378149,35.98,71.0,2.0,5.82,GL,1654282787.0
193,Beitbridge,-22.210058,29.992511,62.22,51.0,41.0,5.68,ZW,1654297188.0
194,Mehamn,71.0349713,27.8517178,42.55,91.0,98.0,9.82,NO,1654297189.0
195,Birao,10.2961965,22.7809907,76.5,70.0,99.0,6.67,CF,1654293590.0
196,Chiriqui grande,8.9482907,-82.1180774,84.29,72.0,100.0,2.24,PA,1654271991.0
197,Ribeira grande,37.8225227,-25.5194914,64.74,94.0,40.0,5.75,PT,1654289992.0
198,Grand river south east,-20.2907247,57.7851931,74.48,73.0,40.0,13.8,MU,1654304393.0
199,Ciudad bolivar,8.1080955,-63.551078,87.35,55.0,93.0,7.05,VE,1654275595.0
200,Sur,22.5694263,59.5297203,86.11,58.0,15.0,10.54,OM,1654304396.0
201,Izumo,35.3668891,132.7548827,64.35,91.0,32.0,7.38,JP,1654322397.0
202,Mandurah,-32.5302495,115.7208782,48.97,72.0,4.0,7.58,AU,1654318798.0
205,Mae sai,20.4387972,99.8828374,72.28,95.0,100.0,1.1,TH,1654315199.0
206,Ostrovnoy,68.0544447,39.5129384,47.86,58.0,67.0,22.62,RU,1654300578.0
208,Lawton,34.6086854,-98.3903305,77.4,64.0,100.0,7.07,US,1654271609.0
209,Abong mbang,3.9896293,13.1738695,69.57,90.0,99.0,3.06,CM,1654293602.0
210,Poronaysk,49.2216366,143.1015759,42.96,82.0,97.0,4.05,RU,1654329604.0
211,Chima,6.3443969,-73.3727428,73.09,87.0,87.0,1.3,CO,1654272005.0
212,Berlevag,70.79904505,29.150528646532546,40.26,87.0,0.0,17.27,NO,1654297206.0
213,Alexandria,31.199004,29.894378,74.01,68.0,0.0,6.24,EG,1654297207.0
214,Kiama,-34.6958202,150.79591231385055,48.87,68.0,46.0,11.99,AU,1654326008.0
215,Cartagena,10.4195841,-75.5271224,81.79,75.0,95.0,9.69,CO,1654272009.0
216,Burkburnett,34.0978711,-98.5706134,73.87,79.0,96.0,3.0,US,1654272011.0
217,Torrington,41.834235,-73.12777856997042,79.18,53.0,52.0,1.99,US,1654275612.0
218,Tuatapere,-46.1323096,167.6907627,39.43,87.0,97.0,4.38,NZ,1654333213.0
219,Baishishan,25.8921874,111.2988623,72.39,94.0,100.0,4.27,CN,1654318815.0
220,Epe,6.416667,3.05,82.11,80.0,100.0,10.58,NG,1654293616.0
221,Yichang,30.694088,111.2803074,74.93,93.0,23.0,2.35,CN,1654318817.0
222,Palabuhanratu,-6.9882409,106.5503728,76.33,87.0,89.0,3.44,ID,1654315218.0
223,Nguiu,-11.7625858,130.6321091,74.48,91.0,100.0,3.36,AU,1654324219.0
224,Tsihombe,-25.318547,45.484057,68.18,68.0,1.0,13.24,MG,1654300820.0
225,Saint george,32.382103,-64.677208,77.76,81.0,90.0,4.16,BM,1654279222.0
226,Grindavik,63.844239,-22.4317498,44.92,81.0,100.0,14.97,IS,1654290024.0
227,Kabinda,-6.1368376,24.4862256,70.38,59.0,5.0,4.81,CD,1654297225.0
228,Bargal,11.286823,51.07795,81.25,76.0,100.0,9.62,SO,1654300826.0
229,Kamenka,53.1850012,44.0529066,62.44,95.0,100.0,8.48,RU,1654300827.0
230,Los llanos de aridane,28.6592569,-17.9152016,65.95,87.0,40.0,17.27,ES,1654293628.0
231,Pilao arcado,-10.0004334,-42.4793189,81.93,57.0,100.0,11.27,BR,1654279229.0
232,Chicama,-7.843424,-79.1451857,71.64,67.0,43.0,10.04,PE,1654272030.0
233,Kushiro,42.9849503,144.3820491,47.75,85.0,57.0,8.34,JP,1654322431.0
234,Toulepleu,6.580899,-8.4150175,74.19,93.0,83.0,5.46,CI,1654290033.0
235,Isangel,-19.5410863,169.2810885,74.41,78.0,10.0,8.88,VU,1654329633.0
236,Sitia,35.2066248,26.1049708,76.86,78.0,0.0,9.04,GR,1654300834.0
237,Am timan,11.0396368,20.2826429,78.85,62.0,98.0,17.16,TD,1654293636.0
238,The valley,18.2145861,-63.0517759,84.7,71.0,74.0,12.82,AI,1654275637.0
240,Alofi,-19.0534159,-169.919199,79.39,80.0,11.0,15.93,NU,1654250438.0
241,Bubaque,11.29969595,-15.833543367212418,79.99,82.0,5.0,16.64,GW,1654290039.0
243,Nouadhibou,20.9127045,-17.0503094,71.53,68.0,100.0,17.27,MR,1654290041.0
244,Funtua,11.5232142,7.307497,76.59,56.0,63.0,9.08,NG,1654293642.0
245,Belmonte,-15.8630837,-38.8792845,74.08,81.0,100.0,7.11,BR,1654279243.0
246,San policarpo,12.1795889,125.5087764,81.43,76.0,100.0,3.51,PH,1654318844.0
247,Tura,64.2741955,100.2169635,39.94,77.0,3.0,2.35,RU,1654315245.0
248,Warrington,40.2483149,-75.15900250959047,80.06,45.0,0.0,10.36,US,1654275646.0
249,Greensboro,36.0726355,-79.7919754,77.68,62.0,100.0,6.91,US,1654275216.0
250,Ucluelet,48.9426817,-125.5460498,53.89,91.0,97.0,1.01,CA,1654264848.0
251,Tabou,4.4194457,-7.3603666,78.69,84.0,90.0,9.69,CI,1654290049.0
252,Coahuayana,18.6220145,-100.3484789,89.22,38.0,14.0,5.99,MX,1654272050.0
253,Cidreira,-30.1657063,-50.218331,56.95,77.0,99.0,3.87,BR,1654279251.0
254,Anadyr,64.7316875,177.5060925,44.47,70.0,85.0,6.71,RU,1654333023.0
255,Lagoa,37.13258125,-8.45505094811731,65.68,81.0,5.0,7.34,PT,1654293653.0
256,Palmer,61.5995703,-149.11109,76.32,34.0,0.0,8.05,US,1654261255.0
257,San cristobal,-0.9151226,-89.5662955,69.76,86.0,98.0,9.64,EC,1654268456.0
258,Namibe,-15.195064,12.1458085,72.25,59.0,18.0,3.47,AO,1654293657.0
259,Kemijarvi,66.7161179,27.4333534,49.1,94.0,61.0,2.24,FI,1654300858.0
261,Migori,-1.0666,34.4666,62.26,73.0,78.0,5.97,KE,1654300859.0
262,Samalaeulu,-13.5010083,-172.299895,79.52,77.0,37.0,7.07,WS,1654336860.0
263,Hasaki,35.7529706,140.8201321,61.2,77.0,86.0,12.12,JP,1654322461.0
264,Lorengau,-2.0329567,147.2789185,81.3,73.0,36.0,9.08,PG,1654326062.0
265,Aflu,34.11252,2.10029,82.56,13.0,100.0,16.73,DZ,1654293663.0
266,Leh,34.1642029,77.5848133,47.37,53.0,20.0,5.5,IN,1654309864.0
267,Sobolevo,55.5204405,38.7062515,55.35,90.0,0.0,5.59,RU,1654300866.0
269,Flagstaff,35.1987522,-111.6518229,80.53,15.0,55.0,7.0,US,1654264433.0
270,Mohpa,21.3086467,78.8301396,98.04,18.0,100.0,10.89,IN,1654309868.0
271,Praia da vitoria,38.739237599999996,-27.156264396780458,62.62,95.0,96.0,8.63,PT,1654290070.0
272,Maniitsoq,65.4175454,-52.8967885,47.16,58.0,26.0,7.16,GL,1654282871.0
273,Limbach-oberfrohna,50.8608138,12.7545462,67.75,64.0,100.0,4.34,DE,1654297272.0
274,Lancaster,40.03813,-76.3056686,81.28,40.0,100.0,7.0,US,1654275449.0
275,Pundaguitan,6.375915,126.1643773,82.62,74.0,99.0,6.67,PH,1654318873.0
276,Ternate,0.7852338,127.3831752,80.1,81.0,98.0,5.37,ID,1654322474.0
277,Wajir,1.7504651,40.0594959,77.92,59.0,93.0,19.3,KE,1654300875.0
278,Hami,42.817404,93.5142008,66.9,14.0,4.0,4.05,CN,1654318363.0
279,Belushya guba,71.5376984,52.3427343,28.08,81.0,91.0,11.56,RU,1654300877.0
280,Kyabe,9.4538594,18.9442609,80.78,62.0,96.0,8.39,TD,1654293189.0
281,Lomza,53.18243065,22.052183817808846,54.61,77.0,18.0,6.49,PL,1654297280.0
283,Coxim,-18.504915,-54.7450251,82.22,46.0,99.0,4.56,BR,1654275681.0
284,Ambon,-3.6959434,128.178785,75.34,94.0,40.0,2.3,ID,1654322482.0
285,Ahipara,-35.1664105,173.1562074,58.33,69.0,90.0,7.92,NZ,1654333283.0
286,Ketchikan,55.3430696,-131.6466819,63.43,71.0,100.0,3.6,US,1654261284.0
287,Wasilla,61.5824216,-149.4425638,75.94,35.0,0.0,8.05,US,1654261285.0
288,Pitimbu,-7.4728063,-34.811233,77.95,81.0,99.0,7.29,BR,1654279286.0
289,Bridlington,54.0871383,-0.1964511,53.91,91.0,10.0,14.0,GB,1654293687.0
290,Labuhan,-6.891973,112.9897177,78.08,84.0,20.0,2.84,ID,1654315288.0
291,Lasa,29.6553895,91.1704736,57.27,56.0,6.0,6.6,CN,1654318889.0
292,Voyvozh,62.8934678,54.963917,39.58,54.0,0.0,6.42,RU,1654300890.0
293,Meulaboh,4.1481951,96.1339107,75.4,83.0,100.0,1.9,ID,1654315291.0
294,Tucumcari,35.1719425,-103.7250405,87.64,30.0,40.0,9.22,US,1654268492.0
295,Batagay-alyta,67.799362,130.403229,50.13,69.0,64.0,2.53,RU,1654322493.0
296,Husavik,66.0433168,-17.3410402,45.97,71.0,100.0,8.72,IS,1654290094.0
297,Sulmona,42.0474231,13.927011,74.46,70.0,100.0,7.38,IT,1654297295.0
298,Aliaga,38.8009721,26.9729821,76.78,67.0,89.0,11.61,TR,1654300896.0
299,Utiroa,-1.2130376,174.7571277,79.32,74.0,100.0,3.22,KI,1654333297.0
300,Baculin,8.5213106,126.350226,76.78,89.0,95.0,2.84,PH,1654318899.0
301,Araouane,18.9041133,-3.5275407,94.21,11.0,7.0,2.04,ML,1654290100.0
302,Henties bay,-22.1130313,14.2881683522115,69.6,38.0,7.0,8.88,NA,1654297301.0
303,Fairbanks,64.837845,-147.716675,80.02,28.0,87.0,4.0,US,1654261302.0
304,Pontianak,-0.0226903,109.3447488,73.38,100.0,100.0,2.3,ID,1654315084.0
305,Kristoni,40.9603292,22.8593894,80.37,61.0,51.0,3.15,GR,1654300904.0
306,Chimbote,-9.0744966,-78.593609,67.39,79.0,90.0,11.14,PE,1654272105.0
307,Camana,-11.9873096,-73.1217654,77.04,85.0,96.0,0.65,PE,1654272106.0
308,Kahului,20.8894101,-156.4727118,82.96,79.0,42.0,14.0,US,1654253661.0
309,Bonavista,48.6541763,-53.110338,41.52,87.0,78.0,24.38,CA,1654281108.0
310,Tarazona,41.9065093,-1.7216461,73.67,37.0,2.0,7.31,ES,1654297309.0
311,Sao joao da barra,-21.6348588,-41.0487079,73.33,77.0,82.0,16.31,BR,1654279310.0
313,Egvekinot,66.3227382,-179.1201311,36.95,92.0,100.0,5.5,RU,1654333311.0
314,Cockburn town,24.0515978,-74.5282089,80.71,77.0,100.0,10.25,BS,1654275712.0
315,Halifax,44.648618,-63.5859487,60.17,70.0,90.0,10.36,CA,1654279114.0
317,Putina,-17.495497,-70.2275597,68.32,38.0,45.0,7.72,PE,1654272114.0
318,Mahajanga,-15.7181492,46.3172577,71.62,68.0,20.0,2.3,MG,1654300915.0
319,Jiuquan,39.7321262,98.4936839,61.77,39.0,38.0,6.24,CN,1654318916.0
320,Montoro,38.0215633,-4.3827296,74.12,50.0,0.0,8.1,ES,1654297317.0
321,Keflavik,63.9997694,-22.5565373,45.03,81.0,100.0,14.97,IS,1654290118.0
322,Singaraja,-8.1133599,115.0839326,79.18,82.0,57.0,3.67,ID,1654318919.0
323,Cananeia,-25.0104609,-47.9315628,61.74,92.0,100.0,8.86,BR,1654279321.0
325,Azul,-36.77747,-59.8633562,45.79,56.0,100.0,7.52,AR,1654279322.0
326,Muzhi,65.400004,64.7018584,40.68,62.0,100.0,8.03,RU,1654308123.0
327,Toba,34.4714464,136.8293576,64.96,71.0,89.0,13.44,JP,1654322524.0
328,Juruti,-2.1571381,-56.0900977,79.25,88.0,83.0,3.47,BR,1654279325.0
329,Amderma,69.7522076,61.662267280204404,28.58,92.0,18.0,10.33,RU,1654300926.0
330,Malanville,11.8618128,3.3862982,90.27,38.0,65.0,14.34,BJ,1654293727.0
331,Saskylakh,71.9649533,114.0939433,35.67,99.0,100.0,5.5,RU,1654322528.0
332,Matamoros,25.8520977,-97.5017951,89.55,58.0,0.0,12.66,MX,1654272129.0
333,Attawapiskat,52.9244075,-82.4270112,62.6,72.0,100.0,8.05,CA,1654275730.0
334,Sataua,-13.5175919,-172.6929859,81.64,74.0,76.0,3.49,WS,1654336932.0
335,Nizhneyansk,71.440445,136.130646,33.85,97.0,51.0,11.59,RU,1654326133.0
336,Clyde river,46.2238705,-63.2571596,54.45,68.0,99.0,3.0,CA,1654279334.0
337,Tessalit,20.2019542,1.0124531,95.61,7.0,3.0,14.09,ML,1654290136.0
339,Doctor pedro p. pena,-22.4590792,-62.3361797,66.27,43.0,13.0,5.03,PY,1654275737.0
340,Olinda,-7.9986401,-34.8459552,78.13,83.0,100.0,6.31,BR,1654279338.0
341,Ouadda,8.0715808,22.3962224,68.85,97.0,100.0,3.24,CF,1654293739.0
342,Parkes,-33.1368067,148.1754823,42.84,98.0,95.0,6.15,AU,1654326140.0
343,At-bashi,41.1703178,75.8092334,52.09,62.0,100.0,3.2,KG,1654311741.0
344,Jilib,0.4937927,42.7764134,72.34,93.0,96.0,4.52,SO,1654300942.0
345,Dawei,14.0797232,98.1990191,77.05,91.0,95.0,3.47,MM,1654313543.0
346,Leshukonskoye,64.902481,45.767242,54.37,30.0,99.0,12.28,RU,1654300944.0
347,Brookings,44.311461,-96.79844,71.11,31.0,0.0,0.0,US,1654272145.0
348,Wanaka,-44.6941691,169.1364637,41.41,62.0,9.0,1.63,NZ,1654333346.0
349,Carballo,43.2134123,-8.6891286,63.75,93.0,72.0,1.36,ES,1654297347.0
350,Mao,14.1234161,15.3108471,87.64,25.0,89.0,8.1,TD,1654293748.0
351,Srednekolymsk,67.455497,153.7071456,45.41,49.0,100.0,16.42,RU,1654329749.0
353,Balabac,7.9864527,117.0647312,80.42,78.0,29.0,1.39,PH,1654318950.0
354,Chipinge,-20.188929,32.619425,52.65,94.0,67.0,2.37,ZW,1654297351.0
355,Xining,36.617331,101.7761976,48.29,91.0,77.0,0.38,CN,1654318952.0
357,Hermosillo,29.0948291,-110.969219,102.52,20.0,0.0,8.99,MX,1654264954.0
358,Marathon,42.8616407,-94.9824889,79.47,28.0,7.0,3.02,US,1654272155.0
359,Nianzishan,47.514833,122.8809284,59.81,77.0,100.0,10.2,CN,1654318956.0
360,Cairns,-16.9206657,145.7721854,68.07,94.0,96.0,2.3,AU,1654326157.0
361,Port-gentil,-0.7149116,8.7797434,76.98,88.0,40.0,10.36,GA,1654293758.0
362,Coolum beach,-26.53284,153.0697205622449,67.06,88.0,80.0,9.08,AU,1654326159.0
363,Mrirt,33.163826,-5.565428,62.6,68.0,100.0,8.95,MA,1654293760.0
364,Artyk,64.178787,145.131073,57.69,58.0,8.0,0.78,RU,1654326161.0
365,Hualmay,-11.0967129,-77.6129018,68.47,72.0,89.0,7.09,PE,1654272162.0
366,Nagornskiy,58.7728511,57.5453932,48.87,57.0,0.0,11.72,RU,1654308164.0
367,Kapaa,22.0747334,-159.3191601,81.12,71.0,79.0,7.0,US,1654254165.0
368,Honningsvag,70.9802698,25.9778433,49.95,87.0,100.0,2.3,NO,1654297366.0
369,Dubbo,-32.2478964,148.6026502,42.96,97.0,75.0,6.91,AU,1654326167.0
370,Talnakh,69.4939889,88.3907607,39.88,68.0,100.0,14.43,RU,1654315368.0
371,Iqaluit,63.74944,-68.521857,43.92,77.0,88.0,2.75,CA,1654275769.0
372,Launceston,-41.4340813,147.1373496,48.56,96.0,36.0,10.36,AU,1654326059.0
373,Wichita,37.6922361,-97.3375448,81.32,36.0,0.0,11.5,US,1654271923.0
374,Korla,41.7238743,86.173541,65.34,53.0,77.0,21.05,CN,1654318971.0
375,Dolbeau,48.8770098,-72.2302039,53.04,97.0,100.0,1.7,CA,1654275772.0
376,Port macquarie,-31.4299499,152.9103525,48.04,100.0,92.0,0.0,AU,1654326173.0
377,Niquero,20.0484084,-77.579635,86.25,61.0,100.0,20.15,CU,1654275775.0
378,Ponta delgada,37.7394344,-25.6683618,65.12,94.0,40.0,5.75,PT,1654290176.0
379,Dombarovskiy,50.760067,59.536777,60.37,78.0,4.0,7.76,RU,1654308178.0
381,Thibodaux,29.7957633,-90.822871,92.98,65.0,17.0,5.01,US,1654272179.0
382,Kuznechnoye,61.1211675,29.8730838,54.91,79.0,100.0,8.34,RU,1654300980.0
383,Calama,-22.4623917,-68.9272181,64.8,25.0,0.0,29.93,CL,1654275781.0
384,Bayshore gardens,27.4253195,-82.5903757,81.97,70.0,20.0,14.97,US,1654275400.0
385,Hengshui,37.7364305,115.6677229,83.91,30.0,100.0,12.82,CN,1654318984.0
387,Kristiinankaupunki,62.2736018,21.3730807,49.1,91.0,98.0,6.02,FI,1654300985.0
388,Jyllinge,55.7535209,12.1086079,53.91,88.0,5.0,1.14,DK,1654297386.0
389,Jumla,29.276848,82.1822622,53.46,42.0,77.0,5.48,NP,1654310888.0
390,Pisco,-13.7099813,-76.2029793,62.85,94.0,100.0,9.22,PE,1654272189.0
391,Vardo,70.3308174,30.961751972265887,41.68,93.0,100.0,11.5,NO,1654297390.0
392,Denpasar,-8.6524973,115.2191175,76.68,94.0,40.0,2.3,ID,1654318991.0
393,Owando,-0.481343,15.896645,73.42,91.0,62.0,2.84,CG,1654293792.0
394,Bodaybo,57.8499525,114.2039967,53.94,96.0,100.0,2.57,RU,1654318993.0
395,Pangnirtung,66.1480197,-65.7172826,40.91,93.0,98.0,3.44,CA,1654275794.0
396,Bilma,18.69293,12.91872,91.4,10.0,1.0,4.9,NE,1654293795.0
397,Birin,35.6337386,3.2244016,82.35,35.0,100.0,14.0,DZ,1654293796.0
398,Marrakesh,31.6258257,-7.9891608,73.35,53.0,40.0,11.5,MA,1654293797.0
399,Braintree,51.8780637,0.5537161,61.68,50.0,85.0,14.72,GB,1654293798.0
400,Thompson,55.743347,-97.863464,43.63,73.0,100.0,11.27,CA,1654272199.0
401,Taoudenni,22.6762333,-3.9805269,102.78,9.0,98.0,10.69,ML,1654290200.0
402,Xichang,27.8983767,102.2627884,67.78,92.0,89.0,0.72,CN,1654319001.0
403,Pontes e lacerda,-15.2315171,-59.3349512,80.46,51.0,74.0,5.64,BR,1654275802.0
404,Mercedes,-34.6506717,-59.4317202,51.06,62.0,63.0,7.9,AR,1654279403.0
405,Olafsvik,64.8959304,-23.7084345,42.57,70.0,92.0,14.81,IS,1654290204.0
406,Port hedland,-20.3111814,118.5801181,64.44,55.0,40.0,6.91,AU,1654319005.0
407,Kamenskoye,53.1793307,37.7767378,52.5,88.0,0.0,4.74,RU,1654301007.0
408,Handwara,34.3993139,74.2827396,58.55,51.0,0.0,3.18,IN,1654310008.0
409,Lewiston,46.4195913,-117.0216144,83.08,52.0,20.0,5.75,US,1654265009.0
410,Torbay,47.6576953,-52.726986,51.62,93.0,100.0,23.02,CA,1654281210.0
411,Zmeinogorsk,51.1544658,82.1979928,55.51,56.0,99.0,13.27,RU,1654315411.0
412,Makakilo city,21.3469444,-158.0858333,82.72,55.0,75.0,11.5,US,1654254212.0
413,Atambua,-9.1059581,124.888064,72.01,89.0,38.0,3.85,ID,1654319013.0
414,Huilong,31.805682,121.6674363,72.95,97.0,94.0,16.8,CN,1654319014.0
415,Rodoc,43.3122339,17.8084553,76.05,63.0,81.0,4.21,BA,1654297415.0
416,Tateyama,34.9965304,139.8699838,67.08,76.0,99.0,11.5,JP,1654322617.0
418,Atikokan,48.762526,-91.624603,58.6,34.0,88.0,13.4,CA,1654272218.0
419,Asyut,27.1832822,31.1853836,86.34,22.0,27.0,6.87,EG,1654297419.0
420,Loreto,26.0097913,-111.3452523,84.15,58.0,0.0,13.8,MX,1654268620.0
421,Linxia,35.4787351,103.038525,50.04,74.0,100.0,1.54,CN,1654319021.0
422,Bandar-e lengeh,26.5620668,54.883817,88.23,40.0,0.0,6.15,IR,1654306422.0
423,Guerrero negro,27.9709506,-114.036389,73.6,48.0,0.0,16.75,MX,1654268624.0
426,Les cayes,18.1944428,-73.7511601,83.82,69.0,100.0,9.35,HT,1654275825.0
427,Nanortalik,60.1400246,-45.2428523,45.25,54.0,0.0,4.79,GL,1654283026.0
428,Kysyl-syr,63.898602,122.771309,58.32,68.0,19.0,5.53,RU,1654322627.0
429,Grand-lahou,5.244259,-5.003462,76.71,89.0,86.0,6.64,CI,1654290227.0
430,Maldonado,-34.9087162,-54.9582718,48.67,76.0,20.0,5.75,UY,1654279428.0
431,Moa,20.6559593,-74.9430494,88.43,58.0,99.0,9.8,CU,1654275830.0
432,Seybaplaya,19.6411608,-90.6856507,84.15,75.0,57.0,13.15,MX,1654272231.0
433,Wanning,18.7961376,110.3872565,80.17,93.0,73.0,9.64,CN,1654319031.0
434,Acari,-15.4357104,-74.616907,76.15,51.0,79.0,5.39,PE,1654272232.0
435,Novobureyskiy,49.7939604,129.8734105,51.17,83.0,100.0,6.67,RU,1654322633.0
436,Broome,-17.9566909,122.2240181,73.29,60.0,100.0,6.91,AU,1654319034.0
437,Harper,4.3789381,-7.7060988,78.46,85.0,88.0,9.44,LR,1654290235.0
438,Lodwar,3.1166086,35.6000028,83.73,41.0,44.0,22.41,KE,1654301036.0
439,Tarakan,3.3416343,117.59862807440442,77.54,85.0,90.0,5.88,ID,1654319037.0
440,Japura,-23.469273,-52.55572,63.39,77.0,16.0,1.57,BR,1654279439.0
442,Caldwell,30.5305813,-96.6969703,89.62,54.0,0.0,8.05,US,1654272240.0
443,Sucua,-2.4560169,-78.1726625,70.41,94.0,100.0,3.44,EC,1654272241.0
444,Joshimath,30.5555752,79.5612607,57.87,35.0,0.0,6.8,IN,1654310042.0
445,Treuchtlingen,48.9554435,10.9089888,63.99,99.0,100.0,4.92,DE,1654297443.0
446,Roebourne,-20.7723709,117.145828,63.73,60.0,2.0,10.96,AU,1654319044.0
447,Vostok,46.4481609,135.8298609,45.81,89.0,100.0,1.99,RU,1654326244.0
448,Kargopol,61.509121,38.940796,51.35,97.0,100.0,8.79,RU,1654301045.0
449,Toora-khem,52.4679232,96.117896,36.79,91.0,20.0,3.2,RU,1654315446.0
450,Uhlove,44.8242717,33.5977538,71.11,65.0,24.0,9.93,UA,1654301047.0
451,Macenta,8.545846,-9.46792,69.21,98.0,100.0,2.95,GN,1654290248.0
452,Te anau,-45.41449,167.717489,36.77,87.0,51.0,1.23,NZ,1654333450.0
453,Ayan,56.4609007,138.1817339,38.3,93.0,62.0,5.17,RU,1654326252.0
454,Mayo,63.5926909,-135.8961421,73.06,26.0,100.0,2.04,CA,1654265053.0
455,Kashi,39.4702981,75.9874816,72.03,26.0,65.0,10.8,CN,1654319054.0
456,Tezu,27.9254195,96.1647135,74.5,99.0,100.0,3.04,IN,1654310056.0
457,Vilhena,-12.7368536,-60.1465555,78.75,55.0,98.0,3.31,BR,1654275857.0
459,Silifke,36.3778166,33.9260372,70.77,71.0,0.0,0.58,TR,1654301058.0
460,Tianpeng,28.8838283,112.3423091,74.89,97.0,99.0,3.74,CN,1654319059.0
461,Kununurra,-15.7730916,128.738839,78.71,69.0,40.0,5.75,AU,1654319060.0
462,Bababe,16.3406075,-13.948088,103.69,13.0,5.0,7.61,MR,1654290261.0
463,Matara,5.947822,80.5482919,78.03,88.0,100.0,13.56,LK,1654310063.0
464,Klaksvik,62.2266084,-6.5852705,51.04,81.0,100.0,9.48,FO,1654293864.0
465,Geraldton,-28.77035,114.6147159,48.36,81.0,48.0,2.3,AU,1654319065.0
466,Comodoro rivadavia,-45.8632024,-67.4752615,45.05,49.0,0.0,4.61,AR,1654279467.0
469,Ishigaki,24.3382831,124.1577569,82.53,86.0,100.0,14.03,JP,1654322668.0
470,Daoukro,7.0579401,-3.9660686,68.13,97.0,99.0,4.83,CI,1654290270.0
471,Locri,38.2385368,16.2655092,80.38,47.0,9.0,7.85,IT,1654297471.0
472,Tiznit,29.698624,-9.7312815,62.96,85.0,13.0,4.59,MA,1654293872.0
473,San jose,15.0029065,-91.5941227,58.69,93.0,100.0,3.51,GT,1654268673.0
474,Oistins,13.0631947,-59.542242,82.96,83.0,40.0,19.57,BB,1654275874.0
475,Ranipur,25.2512395,79.0630906,97.02,16.0,22.0,5.5,IN,1654310076.0
477,Saint-augustin,51.2252731,-58.6492601,45.77,79.0,100.0,14.07,CA,1654275877.0
478,Ilhabela,-23.816628,-45.368685,67.68,89.0,58.0,5.64,BR,1654279478.0
479,Corpus christi,-24.078626,-54.9399763,57.38,85.0,2.0,3.04,PY,1654275879.0
480,Bose,23.9053605,106.6148824,77.2,96.0,100.0,1.81,CN,1654319081.0
481,Obosi,6.095104,6.817734,78.51,84.0,88.0,7.76,NG,1654293882.0
482,Sao jose da coroa grande,-8.889375,-35.151461,76.59,85.0,84.0,4.9,BR,1654279483.0
483,Najran,17.5439809,44.2246817,74.71,26.0,10.0,2.57,SA,1654301084.0
484,Xuddur,4.1237042,43.8915563,72.68,75.0,86.0,13.78,SO,1654301085.0
485,Saint anthony,51.3653968,-55.5919335,36.91,93.0,94.0,15.01,CA,1654281286.0
486,Kendal,-7.3858058,110.4578203,64.65,80.0,94.0,3.85,ID,1654315487.0
487,Yendi,9.4466478,-0.0035068,85.77,52.0,2.0,3.2,GH,1654290288.0
488,Severnoye,56.3500996,78.3649455,32.07,69.0,30.0,4.81,RU,1654315489.0
489,Catalina,48.527164049999996,-53.07153471820422,42.17,86.0,87.0,22.37,CA,1654281291.0
490,Uglekamensk,43.2196394,133.2312441,48.63,96.0,100.0,2.13,RU,1654326293.0
493,Doka,13.5247033,35.7622577,79.79,57.0,67.0,10.51,SD,1654297493.0
494,Dunedin,-45.8740984,170.5035755,48.79,59.0,11.0,5.99,NZ,1654333495.0
495,Mikuni,34.7398426,135.4811333,66.22,51.0,100.0,7.29,JP,1654322696.0
496,Leningradskiy,54.129108,79.236702,37.85,59.0,17.0,5.55,RU,1654315497.0
497,Itarema,-2.9224684,-39.9152184,77.38,86.0,100.0,7.87,BR,1654279498.0
499,Talara,-4.5796872,-81.2718335,72.36,68.0,0.0,5.75,PE,1654272299.0
500,Tarrega,41.6472761,1.1409115,71.47,69.0,0.0,6.51,ES,1654297500.0
501,Buchanan,5.8812713,-10.0494042,78.76,85.0,92.0,8.84,LR,1654290301.0
502,Karratha,-20.7370067,116.8478592,63.27,62.0,11.0,11.92,AU,1654319102.0
503,Mildura,-34.1847265,142.1624972,48.07,92.0,15.0,9.57,AU,1654326303.0
504,Tebingtinggi,0.85371285,102.70974065383373,73.45,96.0,95.0,2.71,ID,1654315504.0
505,Matagami,49.754138100000006,-77.64065878192258,70.84,32.0,95.0,3.91,CA,1654275905.0
506,Shache,38.4170434,77.2411446,71.71,26.0,45.0,14.34,CN,1654319106.0
507,Patuli,23.5382741,88.2496668,83.16,85.0,53.0,13.58,IN,1654310107.0
508,Zhezkazgan,47.7964459,67.70618078166055,62.85,55.0,31.0,6.82,KZ,1654311908.0
509,Melfi,11.063717,17.9348134,86.4,42.0,66.0,4.36,TD,1654293909.0
510,Evensk,61.919209,159.235931,49.8,68.0,100.0,3.18,RU,1654329910.0
511,Tommot,58.968536,126.266853,54.37,69.0,4.0,3.27,RU,1654322712.0
512,Souillac,-20.5187236,57.522503,73.26,77.0,55.0,15.64,MU,1654304713.0
513,Bluefield,37.2698395,-81.2223195,70.36,54.0,75.0,6.91,US,1654275915.0
514,San joaquin,-16.3848069,-58.3942464,80.83,48.0,49.0,3.91,BO,1654275916.0
515,Homa bay,-0.530371,34.451983,67.14,74.0,94.0,5.59,KE,1654301117.0
516,Taltal,-25.4078293,-70.4858424,66.6,45.0,52.0,1.88,CL,1654275918.0
517,Oliveira dos brejinhos,-12.3193308,-42.8914271,81.95,35.0,58.0,3.83,BR,1654279519.0
518,Antofagasta,-23.6463741,-70.3980033,67.32,55.0,67.0,7.45,CL,1654275920.0
519,Paraiso,24.0138957,-104.60853237056546,84.04,32.0,40.0,9.22,MX,1654272321.0
520,Mandalgovi,45.7630435,106.2704145,44.02,57.0,0.0,22.7,MN,1654319122.0
521,Havre,48.5536972,-109.677802,75.54,19.0,20.0,11.5,US,1654268723.0
522,Barbar,18.0263236,33.9925728,91.85,12.0,57.0,1.14,SD,1654297524.0
523,Ereymentau,51.619881,73.103348,46.02,93.0,76.0,6.67,KZ,1654311925.0
524,Wyndham,-46.32904,168.84779,37.76,96.0,58.0,3.29,NZ,1654333526.0
525,Kitami,43.8029391,143.8946351,43.16,93.0,100.0,5.91,JP,1654322727.0
526,Libreville,0.390002,9.454001,77.31,88.0,100.0,11.18,GA,1654293928.0
527,Tigil,57.7598,158.6836121,50.59,52.0,1.0,4.38,RU,1654333529.0
528,Mezen,65.843956,44.244141,54.3,34.0,100.0,15.1,RU,1654301130.0
529,Shimoda,34.679545,138.945379,65.82,80.0,90.0,11.5,JP,1654322731.0
530,Yulara,-25.2410108,130.9869405,48.38,66.0,0.0,5.5,AU,1654324532.0
531,Zdvinsk,54.703968,78.667595,36.86,64.0,5.0,5.61,RU,1654315533.0
532,Lompoc,34.6391501,-120.4579409,77.68,76.0,100.0,21.99,US,1654265134.0
533,Chazuta,-6.5719404,-76.1342717,88.52,91.0,94.0,2.77,PE,1654272335.0
534,Iralaya,15.0027763,-83.2258873,84.47,70.0,84.0,5.97,HN,1654268737.0
535,Dingle,52.1408381,-10.2688831,55.26,86.0,6.0,7.9,IE,1654293938.0
536,Khani,56.914032,119.954155,49.46,86.0,100.0,3.69,RU,1654322739.0
537,Bonthe,7.527274,-12.501955,79.43,85.0,36.0,9.17,SL,1654290340.0
538,Las lomas,-4.6578078,-80.2433237,87.62,35.0,100.0,8.23,PE,1654272342.0
539,Baruun-urt,46.6807672,113.2845525,55.85,73.0,100.0,8.03,MN,1654319143.0
540,Dukat,62.5748134,155.377224,58.24,51.0,100.0,3.2,RU,1654329944.0
541,Aripuana,-10.175806,-59.4439663,83.3,61.0,94.0,1.77,BR,1654275945.0
542,Jujuy,-24.1852569,-65.2994789,51.31,47.0,13.0,1.95,AR,1654279546.0
543,Paysandu,-32.3217257,-58.0892136,51.19,72.0,0.0,8.03,UY,1654279547.0
544,Hovd,48.0006353,91.6452415,53.28,31.0,0.0,4.21,MN,1654315548.0
545,Idanre,7.1116868,5.1093396,73.13,95.0,95.0,2.62,NG,1654293949.0
546,Santa comba,43.0339953,-8.8066593,59.79,99.0,57.0,3.83,ES,1654297550.0
548,Erenhot,43.6407813,111.943519,65.5,44.0,80.0,16.67,CN,1654319151.0
549,Samarai,-10.6106054,150.6619362,80.8,84.0,100.0,17.0,PG,1654326352.0
550,Road town,18.4257128,-64.6232227,84.15,70.0,20.0,9.22,VG,1654275953.0
551,Bonnyville,54.267778,-110.7351604,66.99,43.0,4.0,4.34,CA,1654268645.0
552,Kailua,21.393623,-157.743759,84.06,65.0,0.0,13.8,US,1654254355.0
553,Deblin,51.567231750000005,21.856244041776023,62.58,44.0,26.0,7.92,PL,1654297556.0
555,Uyar,55.809986,94.327774,37.65,71.0,100.0,1.72,RU,1654315558.0
556,Reyes,-14.2952193,-67.335855,68.81,75.0,80.0,4.12,BO,1654275959.0
557,Shirokiy,53.8760748,39.1723357,51.71,93.0,0.0,6.35,RU,1654301160.0
558,Rafaela,-31.2526923,-61.4916758,57.97,34.0,2.0,4.0,AR,1654279561.0
559,Chagda,58.7501854,130.6056997,58.33,62.0,8.0,2.53,RU,1654322762.0
560,Padang,-0.9247587,100.3632561,76.59,81.0,91.0,2.86,ID,1654315563.0
561,Alice springs,-23.6983884,133.8812885,40.55,100.0,0.0,0.0,AU,1654324564.0
562,Puerto colombia,2.4954965,-68.27051058033612,77.2,78.0,100.0,3.91,CO,1654272365.0
563,Wum,6.3877985,10.0766388,65.1,92.0,100.0,3.02,CM,1654293967.0
564,Saleaula,-13.4518478,-172.3318889,81.14,76.0,35.0,7.11,WS,1654337168.0
565,Auki,-8.7706074,160.6992655,80.47,81.0,100.0,3.89,SB,1654329970.0
566,Bullhead city,35.1477774,-114.5682983,102.02,9.0,75.0,17.27,US,1654265171.0
567,Turukhansk,65.7934285,87.9589375,35.04,82.0,91.0,12.97,RU,1654315573.0
569,Terney,45.0504046,136.6137293,45.97,82.0,37.0,1.72,RU,1654326374.0
570,Bordighera,43.7850512,7.6591094,76.51,62.0,98.0,1.99,IT,1654297575.0
571,Presidente medici,-2.3764612,-45.8207313,74.95,96.0,99.0,3.96,BR,1654279577.0
572,Alotau,-10.3060931,150.4464005,78.03,91.0,100.0,7.43,PG,1654326378.0
573,Sagarejo,41.7298528,45.33480272736257,68.7,50.0,100.0,3.11,GE,1654304779.0
574,Kuche,41.7116961,82.9583247,67.8,42.0,41.0,7.94,CN,1654319180.0
575,Gushikawa,26.3589102,127.8675878,76.3,100.0,0.0,3.44,JP,1654322781.0
576,Akdagmadeni,39.6626502,35.8820234,62.15,67.0,0.0,3.74,TR,1654301182.0
577,Dalby,-27.1822593,151.2634168,56.98,97.0,92.0,3.0,AU,1654326383.0
578,Vanderhoof,54.0175289,-124.0076627,67.59,43.0,100.0,8.1,CA,1654265184.0
579,Alyangula,-13.8489517,136.4199111,76.64,86.0,100.0,8.52,AU,1654324585.0
580,Kibala,-10.7325439,14.9805493,59.79,53.0,27.0,2.51,AO,1654293986.0
581,Bhanvad,21.929814,69.7806878,80.38,81.0,7.0,13.13,IN,1654310187.0
582,Lichinga,-13.2999118,35.2458642,51.82,65.0,0.0,3.94,MZ,1654297588.0
583,Havelock,34.8785,-76.9014457,75.15,90.0,86.0,9.19,US,1654275990.0
584,Pilkhuwa,28.7142498,77.654851,90.77,9.0,1.0,2.48,IN,1654310191.0
585,Scottsbluff,41.862302,-103.6627088,79.92,45.0,0.0,13.8,US,1654268792.0
586,Buala,-8.145546,159.5930366,81.79,77.0,73.0,7.02,SB,1654329994.0
588,Shitanjing,39.2394996,106.3389735,58.53,56.0,56.0,6.22,CN,1654319195.0
589,Visby,57.6379361,18.297982,53.58,82.0,40.0,12.66,SE,1654297596.0
590,Knysna,-34.035734,23.048485,56.05,56.0,6.0,4.41,ZA,1654297597.0
591,Cabinda,-5.5576435,12.1919468,74.01,91.0,30.0,5.79,AO,1654293998.0
592,Bismarck,46.808327,-100.783739,78.64,22.0,0.0,12.66,US,1654272137.0
593,Haimen,31.8729183,121.1771295,73.99,99.0,99.0,14.36,CN,1654319199.0
594,Umm kaddadah,13.6002208,26.6892786,80.55,55.0,95.0,10.63,SD,1654297600.0
595,San juan,18.465299,-66.116666,87.64,70.0,75.0,17.27,US,1654276002.0
596,Changli,39.7039133,119.1614947,68.58,70.0,100.0,4.38,CN,1654319203.0
597,Mogadishu,2.0349312,45.3419183,79.03,80.0,88.0,16.4,SO,1654301204.0
599,Iki-burul,45.822998,44.647003,70.43,45.0,8.0,9.75,RU,1654301205.0
600,Goderich,8.4329664,-13.2888708,81.28,83.0,15.0,8.81,SL,1654290406.0
601,Zonguldak,41.4519168,31.7905959,64.42,91.0,96.0,2.33,TR,1654301207.0
603,Karasjok,69.4720741,25.5183286,52.48,93.0,58.0,7.76,NO,1654297608.0
604,Providencia,27.511666,-109.9903657,86.34,38.0,5.0,15.37,MX,1654265209.0
605,Qasigiannguit,68.8193787,-51.19335,39.45,64.0,61.0,2.95,GL,1654283210.0
606,Conceicao do araguaia,-8.2696905,-49.2676864,81.97,52.0,88.0,2.33,BR,1654279611.0
607,Ruatoria,-37.8919955,178.3187514,53.17,85.0,100.0,8.61,NZ,1654333612.0
608,Mount isa,-20.7289898,139.4931522,60.66,67.0,100.0,10.36,AU,1654326413.0
609,Paita,-5.0910296,-81.1061383,69.6,71.0,100.0,11.99,PE,1654272414.0
610,Tiruvottiyur,13.1563873,80.3005279,87.82,83.0,20.0,16.28,IN,1654310216.0
